{"q+DBL6Ip/DUrNNhuYzaAOQ==":"mbr.jpg","gsjYRdHRUVZKKoL5D2DVIg==":"mbr.jpeg","Jvd/Hv+E6dzGxsxf1OSMGw==":"mbr-1.jpg","Rkh6VN1geuklqasa+Hps8w==":"mbr-2.jpg","OgtCKla7ZhzAplY/dXMFRQ==":"mbr-3.jpg","7cAX25vTViPzsEpxKtfgnw==":"mbr-4.jpg","Bzg68IuBcRh9sFO8XLZmEQ==":"mbr-5.jpg","3L8x5ialuZVROWzapuz4nA==":"mbr-6.jpg","5Yxz1Ro3xgEvJK27QZYsvA==":"mbr-1.jpeg","orRrDp0O7uYYPUWXMASTrg==":"mbr-2.jpeg","hNnJ/ah4jJ+gnKLIjKCM+Q==":"mbr-3.jpeg","8lvp9ISHPOav0iH8GHzE5A==":"mbr-596x397.jpg","u91qheo0Jd6IxqOyKAST/A==":"logo-1.png","rbvIgzrimnuCP5YsPy+kOQ==":"home-top-bg.jpg","yiUYOJu08g94Ol7OZ333YQ==":"mbr-1.jpeg","lF6nlk82k6vpxPb4M8C7Sw==":"background1.jpeg","1/7HDnKuMBpezu0KYEisFA==":"zero-pix.jpg","bB/0GTYH4d7YEjA14TKOEQ==":"hsapps_app_logo_white-500x150.png","6CEzyD777vF5NbA4jk5mxA==":"hsapps_app_logo_white-1-500x150.png","z7/Hgpyh0A1oIYRZmId1Nw==":"platform_top_ctr-600x406.png","IBPttWP5E6Oa/Fh7f9WTMw==":"platform-600x600.png","LPa4qIUmoNO9OwFEgUbxOg==":"mv_dash-600-600x345.png","Ap2Vr/49LWtvWmrYT5fgEw==":"pm_graphs_fullscreen-600x422.jpg","s3NIq8pUq5aphUPHSyqv/g==":"vacc_area_android.webp","GVX9HUmqmj3vwC4d449qKg==":"1-246x277.jpg","1IOMdjOz8mXWU0TFSmaG/g==":"2-341x203.jpg","X5z8RBi6KK67nQ6NJjGoMg==":"3-266x212.jpg","V7ao0gPKn9hrpbSMpRdbng==":"4-280x281.jpg","mE6GO6ulX1iqmMHWh62m6A==":"vacc_area_android-300x600.png","q99s1mVfMCL5wLU9uhSxVw==":"video_title-961x541.jpg","XmW224rY7EdB3y8S44O3ag==":"vacc_area_android-200x400.png","2OeszlMVKHzCXVwSQdfB6g==":"vacc_area_android-200x141.png","26R51c6m6tF+IdmQBG3fgA==":"team2-200x200.jpg","X9ZTScf6xO7TLzc4YnoKYQ==":"team2-1-200x200.jpg","74P0BZUwN9qzonZhO2JBQw==":"vacc_area_android-200x200.png","XOFu8gy4E4MbqXTvvw+4/A==":"android_vacc_area-600x600.jpg","Q0ey5lvt/vP/Cr5EHZOFaQ==":"android_vacc_area-200x200.jpg","PO89tOxS1w7chymUiY7zRQ==":"8-684x577.jpg","iQDQU8aZWKiRMZ8nxQ7kug==":"bhutan-dog-870x467.jpg","YwFMZtYwMMHyOUQMOREkKg==":"mv%20logo-500x500.png","B1b9DMB/UhQlJ610knNX6g==":"mv-realtime-dashboards-1160x737.png","1SMf1pflZ8qPYEve0ckT3A==":"mv-reporting-836x476.jpg","ijwWBlY+2Wn5E1fo+Qup0w==":"mv-survey-178x317.jpg","RT5ezLr92CgFQwgKi/kieg==":"mv-field-data-gathering-400x300.png","Y4BwX33VMrHHV5RiFvW1Cw==":"mv-geofencing-394x203.jpg","GnIcdKenCQHWeMojrD8jKg==":"mv-icon%20set-73x91.png","u+gqD9bL/JakJ17SXbLprg==":"pm-header-image-1280x784.jpg","12Wje2ZonVw9m61pHBrSjQ==":"pm%20catching-1080x2160.jpg","+YA6kcReFpAIc9Pjojk2Tg==":"release%20and%20list%20combo-750x386.png","Bl9AtT0xfVvPncD30myKkA==":"pm%204%20combo-1160x653.jpg","zeOHVL22dxlGSpH/hkZeXQ==":"image-asset(1)-564x520.png","rdJvopVny/VkL4+oeyOEzQ==":"pm%20catching2-540x1080.jpg"}